State Name,State Code,Incumbent,Incumbent Photo,Election Note,Dem Candidate,Dem Photo,Rep Candidate,Rep Photo,Combined,Cook,Inside Elections,Sabato,Daily Kos,Politico,RCP,Niskanen,270towin, 
Alabama,AL,Richard Shelby,https://upload.wikimedia.org/wikipedia/commons/c/c5/Richard_Shelby%2C_official_portrait%2C_112th_Congress_%28cropped%29.jpg,,,,,,no_election_r,no_election_r,no_election_r,no_election_r,no_election_r,no_election_r,no_election_r,no_election_r,no_election_r,
Alabama,AL,Doug Jones,https://upload.wikimedia.org/wikipedia/commons/0/0d/Senator_Doug_Jones_official_photo_%28cropped%29_2.jpg,,Doug Jones,https://upload.wikimedia.org/wikipedia/commons/0/0d/Senator_Doug_Jones_official_photo_%28cropped%29_2.jpg,Tommy Tuberville,https://upload.wikimedia.org/wikipedia/commons/thumb/4/44/Tommy-Tuberville-Coaches-Tour-5-29-08-%28cropped%29.jpg/200px-Tommy-Tuberville-Coaches-Tour-5-29-08-%28cropped%29.jpg,leans_r,leans_r,leans_r,likely_r,likely_r,leans_r,likely_r,leans_r,safe_r,
Alaska,AK,Lisa Murkowski,https://upload.wikimedia.org/wikipedia/commons/thumb/4/4b/Lisa_Murkowski_official_photo_%28cropped%29.jpg/232px-Lisa_Murkowski_official_photo_%28cropped%29.jpg,,,,,,no_election_r,no_election_r,no_election_r,no_election_r,no_election_r,no_election_r,no_election_r,no_election_r,no_election_r,
Alaska,AK,Dan Sullivan,https://upload.wikimedia.org/wikipedia/commons/thumb/b/b4/SenSullivan.jpg/236px-SenSullivan.jpg,,Al Gross*,https://upload.wikimedia.org/wikipedia/commons/thumb/7/7a/Gross_Headshot_%28cropped%29.jpg/225px-Gross_Headshot_%28cropped%29.jpg,Dan Sullivan,https://upload.wikimedia.org/wikipedia/commons/thumb/b/b4/SenSullivan.jpg/236px-SenSullivan.jpg,likely_r,likely_r,likely_r,likely_r,likely_r,likely_r,likely_r,safe_r,likely_r,
Arizona,AZ,Krysten Sinema,https://upload.wikimedia.org/wikipedia/commons/thumb/9/92/Kyrsten_Sinema_by_Gage_Skidmore_%28cropped%29.jpg/190px-Kyrsten_Sinema_by_Gage_Skidmore_%28cropped%29.jpg,,,,,,no_election_d,no_election_d,no_election_d,no_election_d,no_election_d,no_election_d,no_election_d,no_election_d,no_election_d,
Arizona,AZ,Martha McSally,https://upload.wikimedia.org/wikipedia/commons/thumb/0/04/Sen._Martha_McSally_official_Senate_headshot_116th_congress_%28cropped%29.jpg/190px-Sen._Martha_McSally_official_Senate_headshot_116th_congress_%28cropped%29.jpg,,Mark Kelly,https://upload.wikimedia.org/wikipedia/commons/thumb/6/6a/Mark_Kelly_%282016%29.jpg/196px-Mark_Kelly_%282016%29.jpg,Martha McSally,https://upload.wikimedia.org/wikipedia/commons/thumb/0/04/Sen._Martha_McSally_official_Senate_headshot_116th_congress_%28cropped%29.jpg/190px-Sen._Martha_McSally_official_Senate_headshot_116th_congress_%28cropped%29.jpg,tossup,leans_d,tossup,leans_d,leans_d,leans_d,tossup,likely_d,likely_d,
Arkansas,AR,John Boozman,https://upload.wikimedia.org/wikipedia/commons/thumb/3/36/John_Boozman%2C_official_portrait%2C_112th_Congress_%28cropped%29.jpg/190px-John_Boozman%2C_official_portrait%2C_112th_Congress_%28cropped%29.jpg,,,,,,no_election_r,no_election_r,no_election_r,no_election_r,no_election_r,no_election_r,no_election_r,no_election_r,no_election_r,
Arkansas,AR,Tom Cotton,https://upload.wikimedia.org/wikipedia/commons/thumb/6/66/Tom_Cotton_official_Senate_photo_%28cropped%29.jpg/190px-Tom_Cotton_official_Senate_photo_%28cropped%29.jpg,The Arkansas democratic party is not running any democratic candidate in the 2020 election so you should just assume that incumbent Tom Cotton will retain this seat,none,,Tom Cotton,https://upload.wikimedia.org/wikipedia/commons/thumb/6/66/Tom_Cotton_official_Senate_photo_%28cropped%29.jpg/190px-Tom_Cotton_official_Senate_photo_%28cropped%29.jpg,safe_r,safe_r,safe_r,safe_r,safe_r,safe_r,safe_r,safe_r,safe_r,
California,CA,Kamala Harris,https://upload.wikimedia.org/wikipedia/commons/thumb/4/40/Kamala_Harris_official_photo_%28cropped%29.jpg/190px-Kamala_Harris_official_photo_%28cropped%29.jpg,,,,,,no_election_d,no_election_d,no_election_d,no_election_d,no_election_d,no_election_d,no_election_d,no_election_d,no_election_d,
California,CA,Dianne Feinstein,https://upload.wikimedia.org/wikipedia/commons/thumb/1/10/Dianne_Feinstein%2C_official_Senate_photo_2_%28cropped%29.jpg/190px-Dianne_Feinstein%2C_official_Senate_photo_2_%28cropped%29.jpg,,,,,,no_election_d,no_election_d,no_election_d,no_election_d,no_election_d,no_election_d,no_election_d,no_election_d,no_election_d,
Colorado,CO,Michael Bennett,https://upload.wikimedia.org/wikipedia/commons/thumb/4/4d/Michael_Bennet_Official_Photo_%28cropped%29.jpg/190px-Michael_Bennet_Official_Photo_%28cropped%29.jpg,,,,,,no_election_d,no_election_d,no_election_d,no_election_d,no_election_d,no_election_d,no_election_d,no_election_d,no_election_d,
Colorado,CO,Cory Gardner,https://upload.wikimedia.org/wikipedia/commons/thumb/3/3b/Cory_Gardner_official_Senate_portrait_%28cropped%29.jpeg/190px-Cory_Gardner_official_Senate_portrait_%28cropped%29.jpeg,,John Hickenlooper,https://upload.wikimedia.org/wikipedia/commons/thumb/4/40/John_Hickenlooper_June_2019.jpg/215px-John_Hickenlooper_June_2019.jpg,Cory Gardner,https://upload.wikimedia.org/wikipedia/commons/thumb/3/3b/Cory_Gardner_official_Senate_portrait_%28cropped%29.jpeg/190px-Cory_Gardner_official_Senate_portrait_%28cropped%29.jpeg,tossup,tossup,tossup,leans_d,leans_d,tossup,tossup,likely_d,leans_d,
Connecticut,CT,Richard Blumenthal,https://upload.wikimedia.org/wikipedia/commons/thumb/3/36/Richard_Blumenthal_Official_Portrait_%28cropped%29.jpg/190px-Richard_Blumenthal_Official_Portrait_%28cropped%29.jpg,,,,,,no_election_d,no_election_d,no_election_d,no_election_d,no_election_d,no_election_d,no_election_d,no_election_d,no_election_d,
Connecticut,CT,Chris Murphy,https://upload.wikimedia.org/wikipedia/commons/thumb/4/47/Chris_Murphy%2C_official_portrait%2C_113th_Congress_%28cropped%29.jpg/190px-Chris_Murphy%2C_official_portrait%2C_113th_Congress_%28cropped%29.jpg,,,,,,no_election_d,no_election_d,no_election_d,no_election_d,no_election_d,no_election_d,no_election_d,no_election_d,no_election_d,
Delaware,DE,Tom Carper,https://upload.wikimedia.org/wikipedia/commons/thumb/8/8e/Tom_Carper%2C_official_portrait%2C_112th_Congress_%28cropped%29.jpg/190px-Tom_Carper%2C_official_portrait%2C_112th_Congress_%28cropped%29.jpg,,,,,,no_election_d,no_election_d,no_election_d,no_election_d,no_election_d,no_election_d,no_election_d,no_election_d,no_election_d,
Delaware,DE,Chris Coons,https://upload.wikimedia.org/wikipedia/commons/thumb/9/99/Chris_Coons%2C_official_portrait%2C_112th_Congress_%28cropped%29.jpg/190px-Chris_Coons%2C_official_portrait%2C_112th_Congress_%28cropped%29.jpg,"The Delaware Primary for both parties will be held Sept 15, 2020. On the democratic side, incumbent Chris Coons has a challenger: Jessica Scarane. There are a few people declared on the republican side but given this is a very same democratic seat, the real race is the democratic primary.",multiple,https://upload.wikimedia.org/wikipedia/commons/thumb/9/99/Chris_Coons%2C_official_portrait%2C_112th_Congress_%28cropped%29.jpg/190px-Chris_Coons%2C_official_portrait%2C_112th_Congress_%28cropped%29.jpg,multiple,,safe_d,safe_d,safe_d,safe_d,safe_d,likely_d,safe_d,safe_d,safe_d,
Florida,FL,Mario Rubio,https://upload.wikimedia.org/wikipedia/commons/thumb/c/c4/Senator_Rubio_official_portrait_%28cropped%29.jpg/190px-Senator_Rubio_official_portrait_%28cropped%29.jpg,,,,,,no_election_r,no_election_r,no_election_r,no_election_r,no_election_r,no_election_r,no_election_r,no_election_r,no_election_r,
Florida,FL,Rick Scott,https://upload.wikimedia.org/wikipedia/commons/thumb/d/d7/Official_Portrait_of_Senator_Rick_Scott_%28cropped%29.jpg/190px-Official_Portrait_of_Senator_Rick_Scott_%28cropped%29.jpg,,,,,,no_election_r,no_election_r,no_election_r,no_election_r,no_election_r,no_election_r,no_election_r,no_election_r,no_election_r,
Georgia,GA,David Perdue,https://upload.wikimedia.org/wikipedia/commons/thumb/a/a2/David_Perdue%2C_Official_Portrait%2C_114th_Congress_%28cropped%29.jpg/190px-David_Perdue%2C_Official_Portrait%2C_114th_Congress_%28cropped%29.jpg,,John Ossoff,https://upload.wikimedia.org/wikipedia/commons/thumb/4/41/Ossoff-Mar-15-17.png/190px-Ossoff-Mar-15-17.png,David Perdue,https://upload.wikimedia.org/wikipedia/commons/thumb/a/a2/David_Perdue%2C_Official_Portrait%2C_114th_Congress_%28cropped%29.jpg/190px-David_Perdue%2C_Official_Portrait%2C_114th_Congress_%28cropped%29.jpg,tossup,tossup,tossup,leans_r,leans_r,leans_r,tossup,leans_r,tossup,
Georgia,GA,Kelly Loeffler,https://upload.wikimedia.org/wikipedia/commons/thumb/f/fa/Kelly_Loeffler_%28cropped%29.jpg/190px-Kelly_Loeffler_%28cropped%29.jpg,"In addition to a normal senate seat up for election, there is a second special election for the other seat. The current occupant is appointed republican senator Kelly Loeffler. This special election will be held on Nov 3 but will be a jungle primary. That means that instead of party primaries, all candidates from both republican and democratic sides will be on the ballot. If anyone gets more than 50% of the votes, they're the next senator. If no one hits that limit, then there will be a runoff election on Jan 5th. Which is after we know the results of both the senate and presidential elections which makes that election potentially incredibly consequential.",multiple,,multiple,,tossup,leans_r,leans_r,likely_r,leans_r,leans_r,leans_r,tossup,leans_r,
Hawaii,HI,Brian Schatz,https://upload.wikimedia.org/wikipedia/commons/thumb/4/4b/Brian_Schatz%2C_official_portrait%2C_113th_Congress_2_%28cropped%29.jpg/190px-Brian_Schatz%2C_official_portrait%2C_113th_Congress_2_%28cropped%29.jpg,,,,,,no_election_d,no_election_d,no_election_d,no_election_d,no_election_d,no_election_d,no_election_d,no_election_d,no_election_d,
Hawaii,HI,Mazie Hirono,https://upload.wikimedia.org/wikipedia/commons/thumb/8/85/Mazie_Hirono%2C_official_portrait%2C_113th_Congress_%28cropped%29.jpg/190px-Mazie_Hirono%2C_official_portrait%2C_113th_Congress_%28cropped%29.jpg,,,,,,no_election_d,no_election_d,no_election_d,no_election_d,no_election_d,no_election_d,no_election_d,no_election_d,no_election_d,
Idaho,ID,Mike Crapo,https://upload.wikimedia.org/wikipedia/commons/thumb/3/3d/Mike_Crapo_Official_Photo_110th_Congress_%28cropped%29.jpg/190px-Mike_Crapo_Official_Photo_110th_Congress_%28cropped%29.jpg,,,,,,no_election_r,no_election_r,no_election_r,no_election_r,no_election_r,no_election_r,no_election_r,no_election_r,no_election_r,
Idaho,ID,Jim Risch,https://upload.wikimedia.org/wikipedia/commons/thumb/e/e5/Jim_Risch_official_portrait_%28cropped%29.jpg/190px-Jim_Risch_official_portrait_%28cropped%29.jpg,,Paulette Jordan,https://upload.wikimedia.org/wikipedia/commons/thumb/3/37/PauletteJordanIF7a_%28cropped%29.jpg/200px-PauletteJordanIF7a_%28cropped%29.jpg,Jim Risch,https://upload.wikimedia.org/wikipedia/commons/thumb/e/e5/Jim_Risch_official_portrait_%28cropped%29.jpg/190px-Jim_Risch_official_portrait_%28cropped%29.jpg,safe_r,safe_r,safe_r,safe_r,safe_r,safe_r,safe_r,safe_r,safe_r,
Illinois,IL,Tammy Duckworth,https://upload.wikimedia.org/wikipedia/commons/thumb/c/cc/Tammy_Duckworth_115th_official_portrait_%28cropped%29.jpg/190px-Tammy_Duckworth_115th_official_portrait_%28cropped%29.jpg,,,,,,no_election_d,no_election_d,no_election_d,no_election_d,no_election_d,no_election_d,no_election_d,no_election_d,no_election_d,
Illinois,IL,Dick Durbin,https://upload.wikimedia.org/wikipedia/commons/thumb/e/e5/Jim_Risch_official_portrait_%28cropped%29.jpg/190px-Jim_Risch_official_portrait_%28cropped%29.jpg,,Dick Durbin,https://upload.wikimedia.org/wikipedia/commons/thumb/e/e5/Jim_Risch_official_portrait_%28cropped%29.jpg/190px-Jim_Risch_official_portrait_%28cropped%29.jpg,Mark Curran,https://upload.wikimedia.org/wikipedia/commons/d/d9/Mark-Curran_%28cropped%29.jpg,safe_d,safe_d,safe_d,safe_d,safe_d,safe_d,safe_d,safe_d,safe_d,
Indiana,IN,Todd Young,https://upload.wikimedia.org/wikipedia/commons/thumb/0/0d/Senator_Todd_Young_official_portrait_%28cropped%29.jpg/190px-Senator_Todd_Young_official_portrait_%28cropped%29.jpg,,,,,,no_election_r,no_election_r,no_election_r,no_election_r,no_election_r,no_election_r,no_election_r,no_election_r,no_election_r,
Indiana,IN,Mike Braun,https://upload.wikimedia.org/wikipedia/commons/thumb/7/70/Mike_Braun%2C_Official_Portrait%2C_116th_Congress_%28cropped%29.jpg/190px-Mike_Braun%2C_Official_Portrait%2C_116th_Congress_%28cropped%29.jpg,,,,,,no_election_r,no_election_r,no_election_r,no_election_r,no_election_r,no_election_r,no_election_r,no_election_r,no_election_r,
Iowa,IA,Chuck Grassley,https://upload.wikimedia.org/wikipedia/commons/thumb/1/1c/Chuck_Grassley_official_photo_2017_%28cropped%29.jpg/190px-Chuck_Grassley_official_photo_2017_%28cropped%29.jpg,,,,,,no_election_r,no_election_r,no_election_r,no_election_r,no_election_r,no_election_r,no_election_r,no_election_r,no_election_r,
Iowa,IA,Joni Ernst,https://upload.wikimedia.org/wikipedia/commons/thumb/7/74/Joni_Ernst%2C_official_portrait%2C_116th_Congress_3.jpg/190px-Joni_Ernst%2C_official_portrait%2C_116th_Congress_3.jpg,,Theresa Greenfield,https://upload.wikimedia.org/wikipedia/commons/thumb/8/8c/Theresa_Greenfield_%28cropped%29.png/217px-Theresa_Greenfield_%28cropped%29.png,Joni Ernst,https://upload.wikimedia.org/wikipedia/commons/thumb/7/74/Joni_Ernst%2C_official_portrait%2C_116th_Congress_3.jpg/190px-Joni_Ernst%2C_official_portrait%2C_116th_Congress_3.jpg,tossup,tossup,tossup,tossup,leans_r,tossup,tossup,tossup,tossup,
Kansas,KS,Jerry Moran,https://upload.wikimedia.org/wikipedia/commons/thumb/d/d9/Jerry_Moran%2C_official_portrait%2C_112th_Congress_%28cropped%29.jpg/190px-Jerry_Moran%2C_official_portrait%2C_112th_Congress_%28cropped%29.jpg,,,,,,no_election_r,no_election_r,no_election_r,no_election_r,no_election_r,no_election_r,no_election_r,no_election_r,no_election_r,
Kansas,KS,Pat Roberts,https://upload.wikimedia.org/wikipedia/commons/thumb/d/d7/Pat_Roberts_official_Senate_photo_%28cropped%29.jpg/190px-Pat_Roberts_official_Senate_photo_%28cropped%29.jpg,,Barbara Bollier,https://upload.wikimedia.org/wikipedia/commons/thumb/b/b0/Barbara_Bollier_cropped_portrait.jpg/212px-Barbara_Bollier_cropped_portrait.jpg,Roger Marshall,https://upload.wikimedia.org/wikipedia/commons/thumb/4/46/Roger_Marshall_official_portrait_%28cropped%29.jpg/203px-Roger_Marshall_official_portrait_%28cropped%29.jpg,leans_r,leans_r,leans_r,likely_r,likely_r,likely_r,likely_r,tossup,likely_r,
Kentucky,KY,Rand Paul,https://upload.wikimedia.org/wikipedia/commons/thumb/0/01/Rand_Paul%2C_official_portrait%2C_112th_Congress_alternate_%28cropped%29.jpg/190px-Rand_Paul%2C_official_portrait%2C_112th_Congress_alternate_%28cropped%29.jpg,,,,,,no_election_r,no_election_r,no_election_r,no_election_r,no_election_r,no_election_r,no_election_r,no_election_r,no_election_r,
Kentucky,KY,Mitch McConnell,https://upload.wikimedia.org/wikipedia/commons/a/a8/Sen_Mitch_McConnell_official_%28cropped%29.jpg,,Amy McGrath,https://upload.wikimedia.org/wikipedia/commons/thumb/6/6a/Amy_McGrath_Event-_%2849220643717%29_1.jpg/194px-Amy_McGrath_Event-_%2849220643717%29_1.jpg,Mitch McConnell,https://upload.wikimedia.org/wikipedia/commons/a/a8/Sen_Mitch_McConnell_official_%28cropped%29.jpg,likely_r,likely_r,safe_r,likely_r,safe_r,likely_r,likely_r,likely_r,likely_r,
Louisiana,LA,John Kennedy,https://upload.wikimedia.org/wikipedia/commons/8/81/John_Neely_Kennedy%2C_official_portrait%2C_115th_Congress_2.jpg,,,,,,no_election_r,no_election_r,no_election_r,no_election_r,no_election_r,no_election_r,no_election_r,no_election_r,no_election_r,
Louisiana,LA,Bill Cassidy,https://upload.wikimedia.org/wikipedia/commons/thumb/f/f6/Bill_Cassidy_official_Senate_photo_%28cropped%29.jpg/190px-Bill_Cassidy_official_Senate_photo_%28cropped%29.jpg,,Adrian Perkins,https://upload.wikimedia.org/wikipedia/commons/thumb/d/d4/Mayor_Adrian_Perkins.jpg/440px-Mayor_Adrian_Perkins.jpg,Bill Cassidy,https://upload.wikimedia.org/wikipedia/commons/thumb/f/f6/Bill_Cassidy_official_Senate_photo_%28cropped%29.jpg/190px-Bill_Cassidy_official_Senate_photo_%28cropped%29.jpg,safe_r,safe_r,safe_r,safe_r,safe_r,safe_r,safe_r,safe_r,safe_r,
Maine,ME,Angus King,https://upload.wikimedia.org/wikipedia/commons/thumb/e/e9/Angus_King%2C_official_portrait%2C_113th_Congress_%28cropped%29.jpg/190px-Angus_King%2C_official_portrait%2C_113th_Congress_%28cropped%29.jpg,,,,,,no_election_i,no_election_i,no_election_i,no_election_i,no_election_i,no_election_i,no_election_i,no_election_i,no_election_i,
Maine,ME,Susan Collins,https://upload.wikimedia.org/wikipedia/commons/thumb/a/aa/Susan_Collins_official_Senate_photo_%28cropped%29.jpg/190px-Susan_Collins_official_Senate_photo_%28cropped%29.jpg,,Sara Gideon,https://upload.wikimedia.org/wikipedia/commons/thumb/e/ef/Sara.Gideon_%281%29.jpg/204px-Sara.Gideon_%281%29.jpg,Susan Collins,https://upload.wikimedia.org/wikipedia/commons/thumb/a/aa/Susan_Collins_official_Senate_photo_%28cropped%29.jpg/190px-Susan_Collins_official_Senate_photo_%28cropped%29.jpg,tossup,tossup,tossup,tossup,tossup,tossup,tossup,likely_d,leans_d,
Maryland,MD,Ben Cardin,https://upload.wikimedia.org/wikipedia/commons/thumb/e/e5/Ben_Cardin_official_Senate_portrait_%28cropped%29.jpg/190px-Ben_Cardin_official_Senate_portrait_%28cropped%29.jpg,,,,,,no_election_d,no_election_d,no_election_d,no_election_d,no_election_d,no_election_d,no_election_d,no_election_d,no_election_d,
Maryland,MD,Chris Van Hollen,https://upload.wikimedia.org/wikipedia/commons/thumb/3/37/Chris_Van_Hollen_official_portrait_115th_Congress_%28cropped%29.jpg/190px-Chris_Van_Hollen_official_portrait_115th_Congress_%28cropped%29.jpg,,,,,,no_election_d,no_election_d,no_election_d,no_election_d,no_election_d,no_election_d,no_election_d,no_election_d,no_election_d,
Massachusetts,MA,Elizabeth Warren,https://upload.wikimedia.org/wikipedia/commons/thumb/8/82/Elizabeth_Warren%2C_official_portrait%2C_114th_Congress_%28cropped%29.jpg/190px-Elizabeth_Warren%2C_official_portrait%2C_114th_Congress_%28cropped%29.jpg,,,,,,no_election_d,no_election_d,no_election_d,no_election_d,no_election_d,no_election_d,no_election_d,no_election_d,no_election_d,
Massachusetts,MA,Ed Markey,https://upload.wikimedia.org/wikipedia/commons/thumb/5/58/Edward_Markey%2C_official_portrait%2C_114th_Congress_%28cropped%29.jpg/190px-Edward_Markey%2C_official_portrait%2C_114th_Congress_%28cropped%29.jpg,Massachusetts is an incredibly safe senate seat but there's a competitive democratic challenge for incumbent Ed Markey's seat launched by house rep Joe Kennedy,contested,,contested,,safe_d,safe_d,safe_d,safe_d,safe_d,safe_d,safe_d,safe_d,safe_d,
Michigan,MI,Debbie Stabenow,https://upload.wikimedia.org/wikipedia/commons/thumb/6/61/Debbie_Stabenow%2C_official_photo%2C_116th_Congress_%28cropped%29.jpg/190px-Debbie_Stabenow%2C_official_photo%2C_116th_Congress_%28cropped%29.jpg,,,,,,no_election_d,no_election_d,no_election_d,no_election_d,no_election_d,no_election_d,no_election_d,no_election_d,no_election_d,
Michigan,MI,Gary Peters,https://upload.wikimedia.org/wikipedia/commons/thumb/9/98/Gary_Peters_official_photo_115th_congress_%28cropped%29.jpg/190px-Gary_Peters_official_photo_115th_congress_%28cropped%29.jpg,,Gary Peters,https://upload.wikimedia.org/wikipedia/commons/thumb/9/98/Gary_Peters_official_photo_115th_congress_%28cropped%29.jpg/190px-Gary_Peters_official_photo_115th_congress_%28cropped%29.jpg,John James,https://upload.wikimedia.org/wikipedia/commons/thumb/6/65/John_James_3_%281%29.png/204px-John_James_3_%281%29.png,leans_d,leans_d,leans_d,leans_d,leans_d,leans_d,tossup,safe_d,likely_d,
Minnesota,MN,Amy Klobuchar,https://upload.wikimedia.org/wikipedia/commons/thumb/3/3b/Amy_Klobuchar%2C_official_portrait%2C_113th_Congress_%28cropped%29.jpg/190px-Amy_Klobuchar%2C_official_portrait%2C_113th_Congress_%28cropped%29.jpg,,,,,,no_election_d,no_election_d,no_election_d,no_election_d,no_election_d,no_election_d,no_election_d,no_election_d,no_election_d,
Minnesota,MN,Tina Smith,https://upload.wikimedia.org/wikipedia/commons/thumb/f/f8/Tina_Smith%2C_official_portrait%2C_116th_congress_%28cropped%29.jpg/190px-Tina_Smith%2C_official_portrait%2C_116th_congress_%28cropped%29.jpg,,Tina Smith,https://upload.wikimedia.org/wikipedia/commons/thumb/f/f8/Tina_Smith%2C_official_portrait%2C_116th_congress_%28cropped%29.jpg/190px-Tina_Smith%2C_official_portrait%2C_116th_congress_%28cropped%29.jpg,Jason Lewis,https://upload.wikimedia.org/wikipedia/commons/thumb/e/e6/Jason_Lewis%2C_official_portrait%2C_115th_congress_%28cropped%29.jpg/241px-Jason_Lewis%2C_official_portrait%2C_115th_congress_%28cropped%29.jpg,likely_d,safe_d,safe_d,likely_d,likely_d,likely_d,leans_d,safe_d,likely_d,
Mississippi,MS,Roger Wicker,https://upload.wikimedia.org/wikipedia/commons/thumb/f/f9/Roger_F._Wicker_crop.jpg/190px-Roger_F._Wicker_crop.jpg,,,,,,no_election_r,no_election_r,no_election_r,no_election_r,no_election_r,no_election_r,no_election_r,no_election_r,no_election_r,
Mississippi,MS,Cindy Hyde-Smith,https://upload.wikimedia.org/wikipedia/commons/thumb/a/a2/Cindy_Hyde-Smith_official_photo_%28cropped%29.jpg/190px-Cindy_Hyde-Smith_official_photo_%28cropped%29.jpg,,Mike Espy,https://upload.wikimedia.org/wikipedia/commons/thumb/9/90/Mike_Espy_20120223-OCE-RBN-1281_%28cropped_2%29.jpg/205px-Mike_Espy_20120223-OCE-RBN-1281_%28cropped_2%29.jpg,Cindy Hyde-Smith,https://upload.wikimedia.org/wikipedia/commons/thumb/a/a2/Cindy_Hyde-Smith_official_photo_%28cropped%29.jpg/190px-Cindy_Hyde-Smith_official_photo_%28cropped%29.jpg,likely_r,safe_r,safe_r,safe_r,safe_r,likely_r,likely_r,safe_r,safe_r,
Missouri,MO,Roy Blunt,https://upload.wikimedia.org/wikipedia/commons/thumb/7/74/Roy_Blunt%2C_Official_Portrait%2C_112th_Congress_%28cropped%29.jpg/190px-Roy_Blunt%2C_Official_Portrait%2C_112th_Congress_%28cropped%29.jpg,,,,,,no_election_r,no_election_r,no_election_r,no_election_r,no_election_r,no_election_r,no_election_r,no_election_r,no_election_r,
Missouri,MO,Josh Hawley,https://upload.wikimedia.org/wikipedia/commons/thumb/b/ba/Josh_Hawley_%28cropped%29.jpg/190px-Josh_Hawley_%28cropped%29.jpg,,,,,,no_election_r,no_election_r,no_election_r,no_election_r,no_election_r,no_election_r,no_election_r,no_election_r,no_election_r,
Montana,MT,Jon Tester,https://upload.wikimedia.org/wikipedia/commons/thumb/b/b9/JonTester_%28cropped%29.jpg/190px-JonTester_%28cropped%29.jpg,,,,,,no_election_d,no_election_d,no_election_d,no_election_d,no_election_d,no_election_d,no_election_d,no_election_d,no_election_d,
Montana,MT,Steve Daines,https://upload.wikimedia.org/wikipedia/commons/thumb/e/e5/Steve_Daines_official_Senate_portrait_%28cropped%29.jpg/190px-Steve_Daines_official_Senate_portrait_%28cropped%29.jpg,,Steve Bullock,https://upload.wikimedia.org/wikipedia/commons/thumb/f/f1/Steve_Bullock_by_Gage_Skidmore.jpg/213px-Steve_Bullock_by_Gage_Skidmore.jpg,Steve Daines,https://upload.wikimedia.org/wikipedia/commons/thumb/e/e5/Steve_Daines_official_Senate_portrait_%28cropped%29.jpg/190px-Steve_Daines_official_Senate_portrait_%28cropped%29.jpg,tossup,tossup,tossup,leans_r,leans_r,tossup,tossup,tossup,tossup,
Nebraska,NE,Deb Fischer,https://upload.wikimedia.org/wikipedia/commons/thumb/0/0b/Deb_Fischer%2C_official_portrait%2C_115th_Congress_%28cropped%29.jpg/190px-Deb_Fischer%2C_official_portrait%2C_115th_Congress_%28cropped%29.jpg,,,,,,no_election_r,no_election_r,no_election_r,no_election_r,no_election_r,no_election_r,no_election_r,no_election_r,no_election_r,
Nebraska,NE,Ben Sasse,https://upload.wikimedia.org/wikipedia/commons/thumb/d/d3/Ben_Sasse_Official_photo_%28cropped%29.jpg/190px-Ben_Sasse_Official_photo_%28cropped%29.jpg,,Chris Janicek,https://upload.wikimedia.org/wikipedia/commons/1/1d/Chris_janicek_%28cropped%29.jpg,Ben Sasse,https://upload.wikimedia.org/wikipedia/commons/thumb/d/d3/Ben_Sasse_Official_photo_%28cropped%29.jpg/190px-Ben_Sasse_Official_photo_%28cropped%29.jpg,safe_r,safe_r,safe_r,safe_r,safe_r,safe_r,safe_r,safe_r,safe_r,
Nevada,NV,Catherine Cortez Masto,https://upload.wikimedia.org/wikipedia/commons/thumb/e/e7/Catherine_Cortez_Masto_official_portrait_%28cropped%29.jpg/190px-Catherine_Cortez_Masto_official_portrait_%28cropped%29.jpg,,,,,,no_election_d,no_election_d,no_election_d,no_election_d,no_election_d,no_election_d,no_election_d,no_election_d,no_election_d,
Nevada,NV,Jacky Rosen,https://upload.wikimedia.org/wikipedia/commons/thumb/2/28/Jacky_Rosen%2C_official_portrait%2C_116th_congress_%28cropped-1%29.jpg/190px-Jacky_Rosen%2C_official_portrait%2C_116th_congress_%28cropped-1%29.jpg,,,,,,no_election_d,no_election_d,no_election_d,no_election_d,no_election_d,no_election_d,no_election_d,no_election_d,no_election_d,
New Hampshire,NH,Maggie Hassan,https://upload.wikimedia.org/wikipedia/commons/thumb/a/ae/Maggie_Hassan%2C_official_portrait%2C_115th_Congress_%28cropped%29.jpg/190px-Maggie_Hassan%2C_official_portrait%2C_115th_Congress_%28cropped%29.jpg,,,,,,no_election_d,no_election_d,no_election_d,no_election_d,no_election_d,no_election_d,no_election_d,no_election_d,no_election_d,
New Hampshire,NH,Jeanne Shaheen,https://upload.wikimedia.org/wikipedia/commons/thumb/2/21/Jeanne_Shaheen%2C_official_Senate_photo_portrait%2C_2009_%28cropped%29.jpg/190px-Jeanne_Shaheen%2C_official_Senate_photo_portrait%2C_2009_%28cropped%29.jpg,The primaries for both parties is on Sept 8th and the current incumbent is democratic senator Jeanne Shaheen,Jeanne Shaheen,https://upload.wikimedia.org/wikipedia/commons/thumb/2/21/Jeanne_Shaheen%2C_official_Senate_photo_portrait%2C_2009_%28cropped%29.jpg/190px-Jeanne_Shaheen%2C_official_Senate_photo_portrait%2C_2009_%28cropped%29.jpg,contested,,likely_d,safe_d,safe_d,likely_d,likely_d,likely_d,leans_d,safe_d,safe_d,
New Jersey,NJ,Bob Menendez,https://upload.wikimedia.org/wikipedia/commons/thumb/b/bb/Robert_Menendez_official_Senate_portrait_%28cropped%29.jpg/190px-Robert_Menendez_official_Senate_portrait_%28cropped%29.jpg,,,,,,no_election_d,no_election_d,no_election_d,no_election_d,no_election_d,no_election_d,no_election_d,no_election_d,no_election_d,
New Jersey,NJ,Cory Booker,https://upload.wikimedia.org/wikipedia/commons/thumb/5/59/Cory_Booker%2C_official_portrait%2C_114th_Congress.jpg/190px-Cory_Booker%2C_official_portrait%2C_114th_Congress.jpg,,Cory Booker,https://upload.wikimedia.org/wikipedia/commons/thumb/5/59/Cory_Booker%2C_official_portrait%2C_114th_Congress.jpg/190px-Cory_Booker%2C_official_portrait%2C_114th_Congress.jpg,Rik Mehta,,safe_d,safe_d,safe_d,safe_d,safe_d,safe_d,likely_d,safe_d,safe_d,
New Mexico,NM,Martin Heinrich,https://upload.wikimedia.org/wikipedia/commons/thumb/6/6f/Heinrich_Official_Headshot_2019_%28cropped%29.jpg/190px-Heinrich_Official_Headshot_2019_%28cropped%29.jpg,,,,,,no_election_d,no_election_d,no_election_d,no_election_d,no_election_d,no_election_d,no_election_d,no_election_d,no_election_d,
New Mexico,NM,Tom Udall,https://upload.wikimedia.org/wikipedia/commons/thumb/6/6a/Tom_Udall_official_photo_%28cropped%29.jpg/190px-Tom_Udall_official_photo_%28cropped%29.jpg,,Ben Ray Luj√°n,https://upload.wikimedia.org/wikipedia/commons/thumb/b/b1/BenLujan2016_%28cropped%29.jpg/209px-BenLujan2016_%28cropped%29.jpg,Mark Ronchetti,https://upload.wikimedia.org/wikipedia/commons/thumb/1/1f/Mark_Ronchetti.jpg/214px-Mark_Ronchetti.jpg,likely_d,safe_d,safe_d,likely_d,safe_d,likely_d,leans_d,safe_d,safe_d,
New York,NY,Chuck Schumer,https://upload.wikimedia.org/wikipedia/commons/thumb/3/3b/Chuck_Schumer_official_photo_%28cropped%29.jpg/190px-Chuck_Schumer_official_photo_%28cropped%29.jpg,,,,,,no_election_d,no_election_d,no_election_d,no_election_d,no_election_d,no_election_d,no_election_d,no_election_d,no_election_d,
New York,NY,Kirsten Gillibrand,https://upload.wikimedia.org/wikipedia/commons/thumb/1/14/Kirsten_Gillibrand%2C_official_photo%2C_116th_Congress_%28cropped%29.jpg/190px-Kirsten_Gillibrand%2C_official_photo%2C_116th_Congress_%28cropped%29.jpg,,,,,,no_election_d,no_election_d,no_election_d,no_election_d,no_election_d,no_election_d,no_election_d,no_election_d,no_election_d,
North Carolina,NC,Richard Burr,https://upload.wikimedia.org/wikipedia/commons/thumb/b/b1/Richard_Burr_official_portrait_%28cropped%29.jpg/190px-Richard_Burr_official_portrait_%28cropped%29.jpg,,,,,,no_election_r,no_election_r,no_election_r,no_election_r,no_election_r,no_election_r,no_election_r,no_election_r,no_election_r,
North Carolina,NC,Thom Tillis,https://upload.wikimedia.org/wikipedia/commons/thumb/9/94/Thom_Tillis_Official_Photo_%28cropped%29.jpg/190px-Thom_Tillis_Official_Photo_%28cropped%29.jpg,,Cal Cunningham,https://upload.wikimedia.org/wikipedia/commons/thumb/0/0e/James_%22Cal%22_Cunningham_%28cropped_2%29.jpg/217px-James_%22Cal%22_Cunningham_%28cropped_2%29.jpg,Thom Tillis,https://upload.wikimedia.org/wikipedia/commons/thumb/9/94/Thom_Tillis_Official_Photo_%28cropped%29.jpg/190px-Thom_Tillis_Official_Photo_%28cropped%29.jpg,tossup,tossup,tossup,tossup,tossup,tossup,tossup,leans_d,leans_d,
North Dakota,ND,John Hoeven,https://upload.wikimedia.org/wikipedia/commons/thumb/7/75/Hoeven_Official_Portrait_2014_%28cropped%29.JPG/190px-Hoeven_Official_Portrait_2014_%28cropped%29.JPG,,,,,,no_election_r,no_election_r,no_election_r,no_election_r,no_election_r,no_election_r,no_election_r,no_election_r,no_election_r,
North Dakota,ND,Kevin Cramer,https://upload.wikimedia.org/wikipedia/commons/thumb/f/ff/Kevin_Cramer%2C_official_portrait%2C_116th_congress_%28cropped%29.jpg/190px-Kevin_Cramer%2C_official_portrait%2C_116th_congress_%28cropped%29.jpg,,,,,,no_election_r,no_election_r,no_election_r,no_election_r,no_election_r,no_election_r,no_election_r,no_election_r,no_election_r,
Ohio,OH,Sherrod Brown,https://upload.wikimedia.org/wikipedia/commons/thumb/f/f6/Sherrod_Brown_official_photo_2009_2_%28cropped%29.jpg/190px-Sherrod_Brown_official_photo_2009_2_%28cropped%29.jpg,,,,,,no_election_d,no_election_d,no_election_d,no_election_d,no_election_d,no_election_d,no_election_d,no_election_d,no_election_d,
Ohio,OH,Rob Portman,https://upload.wikimedia.org/wikipedia/commons/thumb/6/63/Rob_Portman_official_portrait_%28cropped%29.jpg/190px-Rob_Portman_official_portrait_%28cropped%29.jpg,,,,,,no_election_r,no_election_r,no_election_r,no_election_r,no_election_r,no_election_r,no_election_r,no_election_r,no_election_r,
Oklahoma,OK,James Lankford,https://upload.wikimedia.org/wikipedia/commons/thumb/0/0b/James_Lankford_official_portrait_115th_congress_%28cropped%29.jpg/190px-James_Lankford_official_portrait_115th_congress_%28cropped%29.jpg,,,,,,no_election_r,no_election_r,no_election_r,no_election_r,no_election_r,no_election_r,no_election_r,no_election_r,no_election_r,
Oklahoma,OK,Jim Inhofe,https://upload.wikimedia.org/wikipedia/commons/thumb/4/48/Jim_Inhofe_official_portrait_%28cropped%29.jpg/190px-Jim_Inhofe_official_portrait_%28cropped%29.jpg,,Abby Broyles,https://upload.wikimedia.org/wikipedia/commons/thumb/2/27/Abby_Broyles.png/240px-Abby_Broyles.png,Jim Inhofe,https://upload.wikimedia.org/wikipedia/commons/thumb/4/48/Jim_Inhofe_official_portrait_%28cropped%29.jpg/190px-Jim_Inhofe_official_portrait_%28cropped%29.jpg,safe_r,safe_r,safe_r,safe_r,safe_r,safe_r,safe_r,safe_r,safe_r,
Oregon,OR,Ron Wyden,https://upload.wikimedia.org/wikipedia/commons/thumb/c/c6/Ron_Wyden_official_photo_%28cropped%29.jpg/190px-Ron_Wyden_official_photo_%28cropped%29.jpg,,,,,,no_election_d,no_election_d,no_election_d,no_election_d,no_election_d,no_election_d,no_election_d,no_election_d,no_election_d,
Oregon,OR,Jeff Merkley,https://upload.wikimedia.org/wikipedia/commons/thumb/e/ee/Jeff_Merkley%2C_115th_official_photo_%28cropped%29.jpg/190px-Jeff_Merkley%2C_115th_official_photo_%28cropped%29.jpg,,Jeff Merkley,https://upload.wikimedia.org/wikipedia/commons/thumb/e/ee/Jeff_Merkley%2C_115th_official_photo_%28cropped%29.jpg/190px-Jeff_Merkley%2C_115th_official_photo_%28cropped%29.jpg,Jo Rae Perkins,https://upload.wikimedia.org/wikipedia/commons/thumb/7/7c/Jo_Rae_Perkins.png/232px-Jo_Rae_Perkins.png,safe_d,safe_d,safe_d,safe_d,safe_d,safe_d,likely_d,safe_d,safe_d,
Pennsylvania,PA,Bob Casey Jr,https://upload.wikimedia.org/wikipedia/commons/thumb/6/6d/Bob_Casey_Jr._official_photo_%28cropped%29.jpg/190px-Bob_Casey_Jr._official_photo_%28cropped%29.jpg,,,,,,no_election_d,no_election_d,no_election_d,no_election_d,no_election_d,no_election_d,no_election_d,no_election_d,no_election_d,
Pennsylvania,PA,Pat Toomey,https://upload.wikimedia.org/wikipedia/commons/thumb/5/5d/Pat_Toomey_official_photo_%28cropped%29.jpg/190px-Pat_Toomey_official_photo_%28cropped%29.jpg,,,,,,no_election_r,no_election_r,no_election_r,no_election_r,no_election_r,no_election_r,no_election_r,no_election_r,no_election_r,
Rhode Island,RI,Jack Reed,https://upload.wikimedia.org/wikipedia/commons/thumb/1/14/Senator_Jack_Reed_official_photo_%28cropped%29.jpg/190px-Senator_Jack_Reed_official_photo_%28cropped%29.jpg,,Jack Reed,https://upload.wikimedia.org/wikipedia/commons/thumb/1/14/Senator_Jack_Reed_official_photo_%28cropped%29.jpg/190px-Senator_Jack_Reed_official_photo_%28cropped%29.jpg,Allen Waters,,safe_d,safe_d,safe_d,safe_d,safe_d,safe_d,safe_d,safe_d,safe_d,
Rhode Island,RI,Sheldon Whitehouse,https://upload.wikimedia.org/wikipedia/commons/thumb/b/bb/Sheldon_Whitehouse%2C_official_portrait%2C_116th_congress_%28cropped%29.jpg/190px-Sheldon_Whitehouse%2C_official_portrait%2C_116th_congress_%28cropped%29.jpg,,,,,,no_election_d,no_election_d,no_election_d,no_election_d,no_election_d,no_election_d,no_election_d,no_election_d,no_election_d,
South Carolina,SC,Tim Scott,https://upload.wikimedia.org/wikipedia/commons/thumb/b/ba/Tim_Scott%2C_official_portrait%2C_113th_Congress_%28cropped_2%29.jpg/190px-Tim_Scott%2C_official_portrait%2C_113th_Congress_%28cropped_2%29.jpg,,,,,,no_election_r,no_election_r,no_election_r,no_election_r,no_election_r,no_election_r,no_election_r,no_election_r,no_election_r,
South Carolina,SC,Lindsay Graham,https://upload.wikimedia.org/wikipedia/commons/thumb/f/f1/Lindsey_Graham%2C_official_photo%2C_113th_Congress_%28cropped%29.jpg/190px-Lindsey_Graham%2C_official_photo%2C_113th_Congress_%28cropped%29.jpg,,Jaime Harrison,https://upload.wikimedia.org/wikipedia/commons/thumb/c/cc/Jaime_Harrison_%282017%29.jpg/211px-Jaime_Harrison_%282017%29.jpg,Lindsay Graham,https://upload.wikimedia.org/wikipedia/commons/thumb/f/f1/Lindsey_Graham%2C_official_photo%2C_113th_Congress_%28cropped%29.jpg/190px-Lindsey_Graham%2C_official_photo%2C_113th_Congress_%28cropped%29.jpg,tossup,leans_r,likely_r,likely_r,likely_r,likely_r,tossup,leans_r,tossup,
South Dakota,SD,John Thune,https://upload.wikimedia.org/wikipedia/commons/thumb/c/c5/John_Thune%2C_official_portrait%2C_111th_Congress_%28cropped%29.jpg/190px-John_Thune%2C_official_portrait%2C_111th_Congress_%28cropped%29.jpg,,,,,,no_election_r,no_election_r,no_election_r,no_election_r,no_election_r,no_election_r,no_election_r,no_election_r,no_election_r,
South Dakota,SD,Mike Rounds,https://upload.wikimedia.org/wikipedia/commons/thumb/4/41/Mike_Rounds_official_Senate_portrait_%28cropped%29.jpg/190px-Mike_Rounds_official_Senate_portrait_%28cropped%29.jpg,,Dan Ahlers,https://upload.wikimedia.org/wikipedia/commons/thumb/8/89/Dan_Ahlers_%28cropped%29.png/202px-Dan_Ahlers_%28cropped%29.png,Mike Rounds,https://upload.wikimedia.org/wikipedia/commons/thumb/4/41/Mike_Rounds_official_Senate_portrait_%28cropped%29.jpg/190px-Mike_Rounds_official_Senate_portrait_%28cropped%29.jpg,safe_r,safe_r,safe_r,safe_r,safe_r,safe_r,safe_r,safe_r,safe_r,
Tennessee,TN,Marsha Blackburn,https://upload.wikimedia.org/wikipedia/commons/thumb/0/05/Marsha_Blackburn%2C_official_photo%2C_116th_Congress_%28cropped%29.jpg/190px-Marsha_Blackburn%2C_official_photo%2C_116th_Congress_%28cropped%29.jpg,,,,,,no_election_r,no_election_r,no_election_r,no_election_r,no_election_r,no_election_r,no_election_r,no_election_r,no_election_r,
Tennessee,TN,Lamar Alexander,https://upload.wikimedia.org/wikipedia/commons/thumb/e/e2/Lamar_Alexander_official_photo_%28cropped%29.jpg/190px-Lamar_Alexander_official_photo_%28cropped%29.jpg,,Marquita Bradshaw,,Bill Hagerty,https://upload.wikimedia.org/wikipedia/commons/thumb/4/46/Ambassador_Hagerty_%28cropped%29.jpg/216px-Ambassador_Hagerty_%28cropped%29.jpg,likely_r,safe_r,safe_r,safe_r,safe_r,likely_r,likely_r,safe_r,safe_r,
Texas,TX,Ted Cruz,https://upload.wikimedia.org/wikipedia/commons/thumb/9/94/Ted_Cruz_official_116th_portrait_%28cropped%29.jpg/190px-Ted_Cruz_official_116th_portrait_%28cropped%29.jpg,,,,,,no_election_r,no_election_r,no_election_r,no_election_r,no_election_r,no_election_r,no_election_r,no_election_r,no_election_r,
Texas,TX,John Cornyn,https://upload.wikimedia.org/wikipedia/commons/thumb/e/e4/John_Cornyn_%28cropped%29.jpg/190px-John_Cornyn_%28cropped%29.jpg,,MJ Hegar,https://upload.wikimedia.org/wikipedia/commons/thumb/a/a0/MJHegar_%28cropped%29.jpg/221px-MJHegar_%28cropped%29.jpg,John Cornyn,https://upload.wikimedia.org/wikipedia/commons/thumb/e/e4/John_Cornyn_%28cropped%29.jpg/190px-John_Cornyn_%28cropped%29.jpg,leans_r,likely_r,leans_r,likely_r,likely_r,leans_r,leans_r,leans_r,leans_r,
Utah,UT,Mike Lee,https://upload.wikimedia.org/wikipedia/commons/thumb/4/46/Mike_Lee%2C_official_portrait_%28cropped%29.jpg/190px-Mike_Lee%2C_official_portrait_%28cropped%29.jpg,,,,,,no_election_r,no_election_r,no_election_r,no_election_r,no_election_r,no_election_r,no_election_r,no_election_r,no_election_r,
Utah,UT,Mitt Romney,https://upload.wikimedia.org/wikipedia/commons/thumb/f/f8/Mitt_Romney_official_US_Senate_portrait_%28cropped%29.jpg/190px-Mitt_Romney_official_US_Senate_portrait_%28cropped%29.jpg,,,,,,no_election_r,no_election_r,no_election_r,no_election_r,no_election_r,no_election_r,no_election_r,no_election_r,no_election_r,
Vermont,VT,Patrick Leahy,https://upload.wikimedia.org/wikipedia/commons/thumb/4/46/Patrick_Leahy_official_photo_%28cropped%29.jpg/190px-Patrick_Leahy_official_photo_%28cropped%29.jpg,,,,,,no_election_d,no_election_d,no_election_d,no_election_d,no_election_d,no_election_d,no_election_d,no_election_d,no_election_d,
Vermont,VT,Bernie Sanders,https://upload.wikimedia.org/wikipedia/commons/thumb/7/73/Bernie_Sanders_%28cropped%29.jpg/190px-Bernie_Sanders_%28cropped%29.jpg,,,,,,no_election_i,no_election_i,no_election_i,no_election_i,no_election_i,no_election_i,no_election_i,no_election_i,no_election_i,
Virginia,VA,Tim Kaine,https://upload.wikimedia.org/wikipedia/commons/thumb/7/76/Tim_Kaine_116th_official_portrait_%28cropped%29.jpg/190px-Tim_Kaine_116th_official_portrait_%28cropped%29.jpg,,,,,,no_election_d,no_election_d,no_election_d,no_election_d,no_election_d,no_election_d,no_election_d,no_election_d,no_election_d,
Virginia,VA,Mark Warner,https://upload.wikimedia.org/wikipedia/commons/thumb/9/9d/Patty_Murray%2C_official_portrait%2C_113th_Congress_%28cropped%29.jpg/190px-Patty_Murray%2C_official_portrait%2C_113th_Congress_%28cropped%29.jpg,,Mark Warner,https://upload.wikimedia.org/wikipedia/commons/thumb/9/9d/Patty_Murray%2C_official_portrait%2C_113th_Congress_%28cropped%29.jpg/190px-Patty_Murray%2C_official_portrait%2C_113th_Congress_%28cropped%29.jpg,Daniel Gade,https://upload.wikimedia.org/wikipedia/commons/9/96/Daniel_Gade_%28cropped%29.jpg,likely_d,safe_d,safe_d,safe_d,safe_d,likely_d,likely_d,safe_d,safe_d,
Washington,WA,Patty Murray,https://upload.wikimedia.org/wikipedia/commons/thumb/9/9d/Patty_Murray%2C_official_portrait%2C_113th_Congress_%28cropped%29.jpg/190px-Patty_Murray%2C_official_portrait%2C_113th_Congress_%28cropped%29.jpg,,,,,,no_election_d,no_election_d,no_election_d,no_election_d,no_election_d,no_election_d,no_election_d,no_election_d,no_election_d,
Washington,WA,Maria Cantwell,https://upload.wikimedia.org/wikipedia/commons/thumb/8/8f/Maria_Cantwell_%28cropped%29.jpg/190px-Maria_Cantwell_%28cropped%29.jpg,,,,,,no_election_d,no_election_d,no_election_d,no_election_d,no_election_d,no_election_d,no_election_d,no_election_d,no_election_d,
West Virginia,WV,Joe Manchin,https://upload.wikimedia.org/wikipedia/commons/thumb/c/cc/Senator_Manchin_%28cropped%29.jpg/190px-Senator_Manchin_%28cropped%29.jpg,,,,,,no_election_d,no_election_d,no_election_d,no_election_d,no_election_d,no_election_d,no_election_d,no_election_d,no_election_d,
West Virginia,WV,Shelley Moore Capito,https://upload.wikimedia.org/wikipedia/commons/thumb/3/37/Shelley_Moore_Capito_official_Senate_photo_%28cropped_2%29.jpg/190px-Shelley_Moore_Capito_official_Senate_photo_%28cropped_2%29.jpg,,Shelley Moore Capito,https://upload.wikimedia.org/wikipedia/commons/thumb/3/37/Shelley_Moore_Capito_official_Senate_photo_%28cropped_2%29.jpg/190px-Shelley_Moore_Capito_official_Senate_photo_%28cropped_2%29.jpg,Paula Jean Swearengin,https://upload.wikimedia.org/wikipedia/commons/thumb/5/5e/Portrait_of_Paula_Jean_Swearengin.png/202px-Portrait_of_Paula_Jean_Swearengin.png,safe_r,safe_r,safe_r,safe_r,safe_r,safe_r,safe_r,safe_r,safe_r,
Wisconsin,WI,Ron Johnson,https://upload.wikimedia.org/wikipedia/commons/thumb/3/33/Ron_Johnson%2C_official_portrait%2C_112th_Congress_%28cropped%29.jpg/190px-Ron_Johnson%2C_official_portrait%2C_112th_Congress_%28cropped%29.jpg,,,,,,no_election_r,no_election_r,no_election_r,no_election_r,no_election_r,no_election_r,no_election_r,no_election_r,no_election_r,
Wisconsin,WI,Tammy Baldwin,https://upload.wikimedia.org/wikipedia/commons/thumb/7/7d/Tammy_Baldwin%2C_official_portrait%2C_113th_Congress_%28cropped%29.jpg/190px-Tammy_Baldwin%2C_official_portrait%2C_113th_Congress_%28cropped%29.jpg,,,,,,no_election_d,no_election_d,no_election_d,no_election_d,no_election_d,no_election_d,no_election_d,no_election_d,no_election_d,
Wyoming,WY,John Barasso,https://upload.wikimedia.org/wikipedia/commons/thumb/4/42/John_Barrasso_official_portrait_112th_Congress_%28cropped%29.jpg/190px-John_Barrasso_official_portrait_112th_Congress_%28cropped%29.jpg,,,,,,no_election_r,no_election_r,no_election_r,no_election_r,no_election_r,no_election_r,no_election_r,no_election_r,no_election_r,
Wyoming,WY,Mike Enzi,https://upload.wikimedia.org/wikipedia/commons/thumb/0/04/MIke_Enzi_official_portrait_115th_Congress_%28cropped%29.jpg/190px-MIke_Enzi_official_portrait_115th_Congress_%28cropped%29.jpg,,Merav Ben-David,https://upload.wikimedia.org/wikipedia/commons/thumb/e/eb/Merav_Ben-David.png/243px-Merav_Ben-David.png,Cynthia Lummis,https://upload.wikimedia.org/wikipedia/commons/thumb/5/5a/CynthiaLummis.jpg/220px-CynthiaLummis.jpg,safe_r,safe_r,safe_r,safe_r,safe_r,safe_r,safe_r,safe_r,safe_r,